user,action,message,timestamp
user2,comment,This is a like by user2,2025-11-19T14:53:53.845075
user3,like,This is a like by user2,2025-11-19T14:53:54.855437
user1,comment,This is a like by user3,2025-11-19T14:53:55.858570
user1,like,This is a like by user3,2025-11-19T14:53:56.859358
user2,comment,This is a post by user3,2025-11-19T14:53:57.860140
user1,comment,This is a comment by user1,2025-11-19T14:53:58.868459
user2,post,This is a post by user1,2025-11-19T14:53:59.872517
user3,post,This is a comment by user1,2025-11-19T14:54:00.880564
user3,post,This is a post by user2,2025-11-19T14:54:01.887243
user3,like,This is a like by user2,2025-11-19T14:54:02.893131
user1,like,This is a like by user2,2025-11-19T14:54:03.907107
user1,like,This is a post by user1,2025-11-19T14:54:04.907713
user2,like,This is a comment by user2,2025-11-19T14:54:05.911860
user2,comment,This is a like by user1,2025-11-19T14:54:06.912849
user1,comment,This is a like by user2,2025-11-19T14:54:07.913742
user2,comment,This is a post by user3,2025-11-19T14:54:08.914200
user1,like,This is a post by user2,2025-11-19T14:54:07.607949
user2,like,This is a like by user2,2025-11-19T14:54:08.610170
user3,like,This is a like by user2,2025-11-19T14:54:09.613078
user1,post,This is a comment by user2,2025-11-19T14:54:10.615762
user2,like,This is a like by user1,2025-11-19T14:54:11.616513
user1,post,This is a post by user1,2025-11-19T14:54:12.617707
user3,like,This is a comment by user3,2025-11-19T14:54:13.619891
user1,like,This is a like by user2,2025-11-19T14:54:14.624870
user2,like,This is a comment by user3,2025-11-19T14:54:15.626083
user1,like,This is a post by user1,2025-11-19T14:54:16.626663
user1,comment,This is a post by user3,2025-11-19T14:54:17.631768
user3,comment,This is a comment by user2,2025-11-19T14:54:18.632603
user3,comment,This is a comment by user1,2025-11-19T14:54:19.633540
user3,like,This is a like by user3,2025-11-19T14:54:20.635980
user2,post,This is a post by user2,2025-11-19T14:54:21.638142
user3,like,This is a comment by user1,2025-11-19T14:54:22.640082
user3,like,This is a like by user1,2025-11-19T14:54:23.642698
user3,comment,This is a like by user2,2025-11-19T14:54:24.645341
user1,post,This is a comment by user1,2025-11-19T14:54:25.646319
user3,comment,This is a post by user3,2025-11-19T14:54:26.646669
user1,post,This is a like by user1,2025-11-19T14:54:27.649661
user2,like,This is a like by user3,2025-11-19T14:54:28.650364
user2,post,This is a post by user3,2025-11-19T14:54:29.650872
user3,comment,This is a post by user3,2025-11-19T14:54:30.651512
user3,comment,This is a comment by user1,2025-11-19T14:54:31.652697
user3,post,This is a post by user1,2025-11-19T14:54:32.653705
user2,comment,This is a comment by user1,2025-11-19T14:54:33.657201
user1,comment,This is a post by user2,2025-11-19T14:54:34.657679
user2,post,This is a like by user3,2025-11-19T14:54:35.659410
user2,comment,This is a comment by user1,2025-11-19T14:54:36.663133
user3,post,This is a like by user2,2025-11-19T14:54:35.356765
user3,post,This is a comment by user2,2025-11-19T14:54:36.357389
user3,comment,This is a post by user2,2025-11-19T14:54:37.359173
user3,comment,This is a comment by user2,2025-11-19T14:54:38.359701
user3,post,This is a like by user2,2025-11-19T14:54:39.360191
user2,post,This is a like by user1,2025-11-19T14:54:40.363625
user2,post,This is a post by user3,2025-11-19T14:54:41.370960
user3,comment,This is a comment by user3,2025-11-19T14:54:42.374034
user1,post,This is a post by user3,2025-11-19T14:54:43.379642
user2,comment,This is a comment by user2,2025-11-19T14:54:44.381223
user1,like,This is a comment by user2,2025-11-19T14:54:45.382110
user1,post,This is a like by user2,2025-11-19T14:54:46.382755
user2,post,This is a post by user2,2025-11-19T14:54:47.387133
user2,comment,This is a comment by user1,2025-11-19T14:54:48.392330
user2,post,This is a comment by user1,2025-11-19T14:54:49.394076
user3,like,This is a comment by user2,2025-11-19T14:54:50.397033
user2,comment,This is a post by user2,2025-11-19T14:54:51.399745
user3,comment,This is a post by user2,2025-11-19T14:54:52.402457
user2,like,This is a like by user1,2025-11-19T14:54:53.404672
user3,comment,This is a like by user2,2025-11-19T14:54:54.405585
user3,post,This is a like by user2,2025-11-19T14:54:55.409812
user3,comment,This is a comment by user3,2025-11-19T14:54:56.410257
user3,like,This is a post by user3,2025-11-19T14:54:57.411071
